<?xml version="1.0" encoding="utf-8" standalone="yes"?><rss version="2.0" xmlns:atom="http://www.w3.org/2005/Atom"><channel><title>ECG Research Group on</title><link>https://ecg.brin.go.id/</link><description>Recent content in ECG Research Group on</description><generator>Hugo -- gohugo.io</generator><language>en-US</language><copyright>Copyright (c) 2020-2021 Henk Verlinde</copyright><lastBuildDate>Tue, 06 Oct 2020 08:47:36 +0000</lastBuildDate><atom:link href="https://ecg.brin.go.id/index.xml" rel="self" type="application/rss+xml"/><item><title>Publications</title><link>https://ecg.brin.go.id/publications/</link><pubDate>Mon, 05 Dec 2022 16:43:31 +0700</pubDate><guid>https://ecg.brin.go.id/publications/</guid><description>Here are our last publications:
Exploration of ECG-based Real-time Arrhythmia Detection: A systematic literature review (in-editing) Re-implementation of Convolutional Neural Network for Arrhythmia Detection Quantized convolutional neural network toward real-time arrhythmia detection in edge device</description></item><item><title>Our Team</title><link>https://ecg.brin.go.id/people/</link><pubDate>Mon, 05 Dec 2022 16:43:18 +0700</pubDate><guid>https://ecg.brin.go.id/people/</guid><description>Muhammad Ilham Rizqyawan BRIN
Dr. Edi Triyono Nuryatno University of Western Australia
Dwi Esti Kusumandari BRIN
Aris Munandar BRIN
Artha Ivonita Simbolon BRIN
Ulfah Nadiya University of Western Australia
Jony Winaryo Wibowo BRIN
Dika Setiawan BRIN
M Faizal Amri BRIN
Taufik Ibnu Salim BRIN
Triya Haiyunnissa BRIN</description></item><item><title>Projects</title><link>https://ecg.brin.go.id/projects/</link><pubDate>Mon, 05 Dec 2022 16:42:59 +0700</pubDate><guid>https://ecg.brin.go.id/projects/</guid><description>dfsklfsadj</description></item><item><title>Blog</title><link>https://ecg.brin.go.id/blog/</link><pubDate>Tue, 06 Oct 2020 08:49:55 +0000</pubDate><guid>https://ecg.brin.go.id/blog/</guid><description/></item><item><title>Docs</title><link>https://ecg.brin.go.id/docs/</link><pubDate>Tue, 06 Oct 2020 08:48:23 +0000</pubDate><guid>https://ecg.brin.go.id/docs/</guid><description/></item><item><title>Contact</title><link>https://ecg.brin.go.id/contact/</link><pubDate>Thu, 27 Aug 2020 19:25:12 +0200</pubDate><guid>https://ecg.brin.go.id/contact/</guid><description>Hello, thanks for the interest in our research group.
If you have any question or inquiry, do not hesitate to reach us at muha162 at brin.go.id
Thank you</description></item></channel></rss>