<?xml version="1.0" encoding="utf-8" standalone="yes"?><rss version="2.0" xmlns:atom="http://www.w3.org/2005/Atom"><channel><title>Blog on</title><link>https://ecg.brin.go.id/blog/</link><description>Recent content in Blog on</description><generator>Hugo -- gohugo.io</generator><lastBuildDate>Tue, 06 Oct 2020 08:49:55 +0000</lastBuildDate><atom:link href="https://ecg.brin.go.id/blog/index.xml" rel="self" type="application/rss+xml"/><item><title>Icadeis 2022 Paper</title><link>https://ecg.brin.go.id/blog/icadeis-2022-paper/</link><pubDate>Mon, 05 Dec 2022 20:23:48 +0700</pubDate><guid>https://ecg.brin.go.id/blog/icadeis-2022-paper/</guid><description>Our paper got accepted to be presented in ICaDEIS 2022. The paper was titled: &amp;ldquo;Eploration of ECG-based Real-time Arrhythmia detection: A Systematic Literature Review&amp;rdquo;.
The paper discuss an identification and synthesis of studies in the scope of ECG-based Real-time Arrhythmia Detection. The paper was presented in Nov, 23rd by Ilham.</description></item><item><title>ICaDEIS 2022 Keynote</title><link>https://ecg.brin.go.id/blog/icadeis-2022-keynote/</link><pubDate>Mon, 05 Dec 2022 20:13:53 +0700</pubDate><guid>https://ecg.brin.go.id/blog/icadeis-2022-keynote/</guid><description>Dr. Edi Triyono Nuryatno was invited as a keynote speaker to The International Conference on Advancement in Data Science, e-Learning, and Information System (ICaDEIS 2022).
In the keynote session, Dr. Edi discuss about &amp;ldquo;Data Science &amp;amp; Health Informatics Transdisciplinary: Supporting the ineroperability of healthcare data &amp;amp; its patterns&amp;rdquo;.
Great kudos to Dr. Edi! :D</description></item></channel></rss>