<?xml version="1.0" encoding="utf-8" standalone="yes"?><rss version="2.0" xmlns:atom="http://www.w3.org/2005/Atom"><channel><title>ECG Research Group on</title><link>https://ecg.brin.go.id/id/</link><description>Recent content in ECG Research Group on</description><generator>Hugo -- gohugo.io</generator><language>id-ID</language><copyright>Copyright (c) 2020-2021 Henk Verlinde</copyright><lastBuildDate>Tue, 06 Oct 2020 08:47:36 +0000</lastBuildDate><atom:link href="https://ecg.brin.go.id/id/index.xml" rel="self" type="application/rss+xml"/><item><title>Publikasi</title><link>https://ecg.brin.go.id/id/publications/</link><pubDate>Mon, 05 Dec 2022 16:43:31 +0700</pubDate><guid>https://ecg.brin.go.id/id/publications/</guid><description>Berikut adalah beberapa publikasi terakhir kami:
Exploration of ECG-based Real-time Arrhythmia Detection: A systematic literature review (in-editing) Re-implementation of Convolutional Neural Network for Arrhythmia Detection Quantized convolutional neural network toward real-time arrhythmia detection in edge device</description></item><item><title>Tim Kami</title><link>https://ecg.brin.go.id/id/people/</link><pubDate>Mon, 05 Dec 2022 16:43:18 +0700</pubDate><guid>https://ecg.brin.go.id/id/people/</guid><description>Muhammad Ilham Rizqyawan BRIN
Dr. Edi Triyono Nuryatno University of Western Australia
Dwi Esti Kusumandari BRIN
Aris Munandar BRIN
Artha Ivonita Simbolon BRIN
Ulfah Nadiya University of Western Australia
Jony Winaryo Wibowo BRIN
Dika Setiawan BRIN
M Faizal Amri BRIN
Taufik Ibnu Salim BRIN
Triya Haiyunnissa BRIN</description></item><item><title>Proyek</title><link>https://ecg.brin.go.id/id/projects/</link><pubDate>Mon, 05 Dec 2022 16:42:59 +0700</pubDate><guid>https://ecg.brin.go.id/id/projects/</guid><description>fdslkfjasd;lfkjdas f;</description></item><item><title>Blog</title><link>https://ecg.brin.go.id/id/blog/</link><pubDate>Tue, 06 Oct 2020 08:49:55 +0000</pubDate><guid>https://ecg.brin.go.id/id/blog/</guid><description/></item><item><title>Kontak</title><link>https://ecg.brin.go.id/id/contact/</link><pubDate>Thu, 27 Aug 2020 19:25:12 +0200</pubDate><guid>https://ecg.brin.go.id/id/contact/</guid><description>Halo, terima kasih untuk minatnya pada research group kami.
Jika anda mempunyai pertanyaan atau permintaan, jangan ragu untuk menghubungi kami di muha162 at brin.go.id
Terima kasih</description></item></channel></rss>